언론사,기자,제목,기사요약,기사전문,기사링크,정치성향분류
중앙일보,김정재 기자 kim.jeongjae@joongang.co.kr,총선 전 부실 여론조사업체 34% 없앤다…“떳다방식 난립 해소”,4·10 총선을 앞두고 중앙선거관리위원회에 등록된 선거 여론조사회사의 3분의 1가량이 취소된다. 거대 양당의 경선을 앞두고 조사 …,"서울 강서구청장 보궐선거 투표가 시작된 11일 오전 서울 강서구 등촌3동 주민센터에 마련된 등촌3동 제6투표소에서 유권자들이 투표를 하고 있다. 뉴스14·10 총선을 앞두고 중앙선거관리위원회에 등록된 선거 여론조사회사의 3분의 1가량이 취소된다. 거대 양당의 경선을 앞두고 조사업체의 공정성 우려가 제기되는 가운데, 중앙선관위가 새롭게 강화된 공직선거관리규칙상 기준을 엄격하게 적용하고 나선 것이다.중앙선거관리위원회 산하 중앙선거여론조사심의위원회여심위 관계자는 7일 중앙일보와의 통화에서 “현재 날짜로 등록된 여론조사회사 88곳 가운데 34.1%에 달하는 30개 곳의 등록을 취소할 예정”이라고 밝혔다. 지역별로는 등록 여론조사회사가 67개로 가장 많았던 서울에서만 20개 회사의 등록이 취소된다. 부산·광주·대전·강원·경북에는 등록 여론조사 업체가 각 1곳씩 남고, 충남2곳과 전남1곳은 모든 등록 업체가 취소될 예정이다. 여심위는 이 같은 등록 취소를 예고하고, 향후 각 시·도 여론조사심의위원회의 취소 절차를 진행하기로 했다.이번 조치는 지난 7월 31일 개정된 공직선거관리규칙 2조의2 규정에 따른 것이다. 당시 여심위는 부실 여론조사 업체 난립 우려를 제도적으로 보완하기 위해, 업체마다 여론조사를 분석하는 전문 인력을 기존 ‘1명 이상’에서 ‘3명 이상’으로 강화했다. 또 상근 직원 수 기준도 기존 3명에서 5명으로 확대하도록 했다.여심위에 따르면, 이번에 등록 취소되는 업체 30곳 가운데 19곳은 전화자동응답시스템만을 운용해온 것으로 나타냈다. 나머지 11곳은 전화면접조사 시스템만을 운용하거나 ·전화면접을 혼용해 운영해 왔다. 또 취소 업체 30곳 가운데 20곳은 2021년 이후 선거여론조사 실적이 전혀 없는 것으로 드러났다. 여심위 관계자는 “영업 활동에 도움이 될 목적으로 이름만 올리고 선거여론조사를 전혀 수행하지 않았던 업체가 이번 기회에 대거 정리될 것”이라고 설명했다.여심위의 관리 강화로 인해 향후 선거여론조사 품질은 다소 개선될 것으로 보인다. 기존에는 업체당 1.7명에 불과하던 분석인력은 이번 재등록 절차를 거치며 기관당 3.4명으로 늘었고, 평균 상근직원 숫자도 20.6명에서 32.3명으로 늘었다. 강석봉 여심위 사무국장은 “이번 등록요건 강화를 계기로 ‘떴다방’식 선거 여론조사 업체의 난립 문제를 어느 정도 해소할 수 있을 것”이라고 말했다.",https://n.news.naver.com/mnews/article/025/0003333516?sid=100,0
중앙일보,김지혜 기자 kim.jihye6@joongang.co.kr,"총선 앞두고…부실 여론조사기관, 3분의 1 넘게 사라진다",4월 총선을 앞두고 중앙선거관리위원회에 등록된 선거 여론조사 업체 중 3분의 1 이상의 등록이 취소된다. 선거 여론조사 업체의  …,"중앙선거관리위원회. 연합뉴스4월 총선을 앞두고 중앙선거관리위원회에 등록된 선거 여론조사 업체 중 3분의 1 이상의 등록이 취소된다. 선거 여론조사 업체의 '떴다방'식 난립 우려를 해소하기 위해 중앙선관위가 규제 강화에 나선 것이다.중앙선거관리위원회 산하 중앙선거여론조사심의위원회여심위는 7일 기준으로 전국의 총 88개 등록업체 중 30곳34.1%에 대해 등록 취소를 예고했다. 향후 각 시·도별 여론조사심의위원회의 관련 절차를 거쳐 등록 취소가 확정된다. '공표용 선거 여론조사'는 중앙선관위 등록 업체만 할 수 있다.지역별로 보면 등록 여론조사 업체가 67개로 가장 많았던 서울에서 20곳이 취소되고, 충남2곳과 전남1곳은 모두 등록이 취소된다. 부산·광주·대전·강원·경북에는 등록 여론조사 업체가 각 1곳씩, 대구·경기·경남은 각 2곳씩 남는다.부실 여론조사 업체의 난립을 막기 위해 여심위가 공직선거관리규칙을 개정한 시점인 지난해 7월 말과 비교하면 90개였던 등록 여론조사 업체는 58곳으로 줄어든다.여심위는 개정안에 업체마다 여론조사를 분석하는 전문인력을 기존 1명 이상에서 3명 이상으로, 상근 직원 수는 기존 3명에서 5명으로 늘리는 내용도 포함했다. 이에 따라 업체당 분석 전문인력은 평균 1.7명에서 3.4명으로, 평균 직원 수는 20.6명에서 32.3명으로 늘어난다.지난해 7월 이후 90개 등록 업체 중 58곳이 변경 등록재등록을 신청했고, 이 중 1곳은 신청이 반려됐다. 상근 직원이 모두 3개월 이상 근무해야 한다는 조건을 채우지 못해서다. 이후 1개 업체가 신규로 등록하면서 이번 총선에선 58개 업체가 공표용 여론조사를 수행할 수 있다.등록이 취소된 30개 업체 가운데 17개 업체는 2017년 5월 선거 여론조사 기관 등록제 시행 이후 공표용 선거 여론조사 실적이 전혀 없는 것으로 드러났다. 2021년부터 선거 여론조사 실적이 전혀 없는 업체도 20곳이었다.",https://n.news.naver.com/mnews/article/025/0003333515?sid=100,0
중앙일보,조문규 기자 chomg@joongang.co.kr,북한 “오늘 해상실탄 사격훈련…위협 조성않은 훈련”,"북한이 지난 5, 6일에 이어 7일에도 서해 북방한계선(NLL) 인근에서 포격 도발을 벌이며 군사적 위협 수위를 한층 높였다.  …","7일 오후 인천 옹진군 연평도에서 바라본 황해도 해안지역에 화염이 관측되고 있다.연합뉴스.북한이 지난 5, 6일에 이어 7일에도 서해 북방한계선 인근에서 포격 도발을 벌이며 군사적 위협 수위를 한층 높였다. 북한은 도발 3시간 뒤 이날 사격이 남측에 그 어떤 위협도 조성하지 않았다고 주장했다.합동참모본부에 따르면 북한군은 이날 오후 4시쯤부터 5시 10분쯤 까지 90여발의 포병사격을 했다.북한은 이날 오후 8시 20분쯤 총참모부 명의로 이날 사격에 대한 입장을 조선중앙통신을 통해 발표했다. 총참모부는 황해남도 강령군 등암리부터 연안군으로 이어지는 해안과 섬에서 사격훈련을 했으나 남측에 그 어떤 위협도 조성하지 않았다고 주장했다. 이들은 이날 해안포 23문을 동원해 88발의 포탄으로 해상 군사분계선과 평행선상의 동쪽 방향 4개 구역에 대한 훈련을 진행했다고 밝혔다.또 총참모부는 “사격 구역은 방향상으로 군사분계선과 무관하며 적대국에 그 어떤 의도적인 위협도 조성하지 않았다”며 “우리 군대의 정상적인 훈련체계 안에서 계획에 따라 실시됐다”고 덧붙였다.북한은 이틀 전인 지난 5일 백령도 북쪽 장산곶 일대와 연평도 북쪽 등산곶 일대에서 200발 이상의 사격을 실시했다. 이에 한국군은 -9 자주포 등을 동원해 400여발의 대응 포격에 나섰다. 북한은 다음날인 6일 오후 4∼5시쯤에도 연평도 북서방 개머리 진지에서 방사포와 야포 등으로 포탄 60여 발을 발사했다. 이 중 일부는 서해 북방한계선 이북 해상 완충구역에 낙하했다.또 총참모부는 이날 지난 6일에는 포사격 모의 기만작전을 수행했다고 밝혔다. 이는 김여정 노동당 부부장의 주장을 그대로 반복한 것이다. 김 부부장은 이날 조선중앙통신을 통해 공개한 담화에서 전날 도발과 관련해 “우리 군대는 130㎜ 해안포의 포성을 모의한 발파용 폭약을 60회 터뜨리면서 대한민국 군부 깡패무리들의 반응을 주시했다”고 주장했다.이에 합동참모본부는 “우리 군 정보당국은 북한의 군사활동을 면밀하게 감시하고 있다”며 “김여정 담화문은 우리 군의 탐지능력에 대한 수준 낮은 대남 심리전일 뿐”이라고 밝혔다.",https://n.news.naver.com/mnews/article/025/0003333514?sid=100,0
경향신문,박은하 기자 eunha999@kyunghyang.com,한·미·일 첫 인도·태평양 대화…‘남중국해 영유권 주장’ 중국에 경고,한·미·일 3국이 첫 인도·태평양 대화를 열고 중국의 남중국해 해상 영유권 주장에 대해 경고했다. 한·미·일은 6일(현지시간)  …,"북·러 군사협력 확대 규탄도한·미·일 3국이 첫 인도·태평양 대화를 열고 중국의 남중국해 해상 영유권 주장에 대해 경고했다.한·미·일은 6일현지시간 미국 워싱턴에서 전날 열린 제1차 인도·태평양 대화 결과를 소개하는 공동 언론발표문을 내고 3국은 국제법에 명시된 항행·상공비행의 자유를 지지하고 인도·태평양 수역 내 힘이나 강요에 의한 현상변경에 반대한다고 밝혔다.한·미·일 인도·태평양 대화는 지난해 8월 캠프 데이비드 정상회담 주요 합의사항으로, 이번에 공식 출범했다.이번 대화에는 정병원 외교부 차관보, 대니얼 크리튼브링크 미 국무부 동아·태차관보, 고베 야스히로 일본 외무성 총합외교정책국장이 참석했다.3국 대표는 이번 대화에서 각국의 인도·태평양 정책 방향과 협력 방안에 대해 논의했으며 특히 동남아시아 및 태평양 도서국과 협력의 중요성을 강조했다고 밝혔다.한·미·일은 북한이 불법적인 핵·탄도미사일 개발 프로그램을 계속 추진하고 러시아와 군사협력을 확대하며 심각한 인권침해를 저지르고 있다고 규탄했다. 또 대만해협의 평화와 안정은 국제사회의 안보와 번영에 불가결하다는 점에서 그 중요성을 재확인했다고 밝혔다.한·미·일은 미얀마의 인도적·정치적·경제적 위기 악화 상황에 대한 우려도 공유했다.또 외국 세력의 정보 조작 위협이 커지고 있음을 인식하고 표현의 자유를 존중하면서 이런 위협에 효과적으로 대응할 방법을 논의했다.한·미·일은 한국이 올해 주최하는 인공지능 안전 정상회의와 글로벌  포럼 등을 통해 정보통신기술, 사이버보안, 신흥기술 협력을 강화하기로 했다.3국은 성명에서 한·미·일 인도·태평양 대화에 대해 “3국 협력의 새로운 장이자 세계에서 3국의 정책을 강화하고 더 긴밀히 공조하기 위한 중요한 전진”이라고 평가했다.",https://n.news.naver.com/mnews/article/032/0003271963?sid=100,1
조선일보,김명진 기자 cccv@chosun.com,김여정 “발파용 폭약”... 태영호 “애들 같은 장난엔 무관심이 약”,국민의힘 태영호 의원은 7일 김여정 북한 노동당 부부장이 전날 북한의 서북도서 인근 포 사격과 관련해 ‘한국군이 폭약 터지는 소 …,"국민의힘 태영호 의원. 연합뉴스국민의힘 태영호 의원은 7일 김여정 북한 노동당 부부장이 전날 북한의 서북도서 인근 포 사격과 관련해 ‘한국군이 폭약 터지는 소리를 포성으로 오판했다’고 주장하는 것을 두고 “철이 들지 못한 김정은 남매의 애들 같은 장난에는 무관심이 약”이라고 했다.태 의원은 이날 페이스북에 “이런 저질의 선동과 심리전에 대한 대응법은 어렵게 찾을 필요가 없다. 무관심이 약”이라며 이같이 썼다.앞서 북한은 김여정 명의 담화를 내고 전날 자신들이 서북도서 지역에서 포탄을 쏜 적이 없고, 포성을 모방한 폭약을 터뜨리는 기만 작전에 한국군이 속아 넘어갔다고 주장했다.김여정은 조선중앙통신에 공개된 담화에서 “우리 군대는 130㎜ 해안포의 포성을 모의한 발파용 폭약을 60회 터뜨리면서 대한민국 군부 깡패무리들의 반응을 주시했다”고 했다.김여정은 “대한민국 군부 깡패들의 실제 탐지 능력을 떠보고 불 보듯 뻔한 억지 주장을 펼 놈들에게 개망신을 주기 위해 기만작전을 진행했다”고 했다.북한 김여정 노동당 부부장.조선중앙 뉴스1김여정은 “폭약 터지는 소리를 포성으로 오판하고 포사격 도발로 억측하며 뻔뻔스럽게 탄착점까지 서해  북쪽 완충구역에 떨어졌다는 거짓을 꾸며댔다”고 주장했다.이에 대해 태 의원은 김여정과 그의 오빠인 김정은 북한 국무위원장을 겨냥해 “북한에서 체계적인 학업과정을 거치지 못한 남매가 국가권력의 최정점에 있으니 30·40대가 됐는데도 철이 들지 못하고 애들 장난 같은 짓만 하고 있다”면서 “김여정의 과거 발언처럼 ‘겁을 먹은 개가 더 요란하게 짖는’법”이라고 했다.한편 합참은 김여정의 주장에 대해 “김여정 담화문은 우리 군의 탐지능력에 대한 수준 낮은 대남 심리전일 뿐”이라고 했다. 포 사격이 맞는다는 것이다.합참은 “접적해역의 긴장을 고조시키는 북한의 군사활동에 대해 엄중 경고하며, 즉각 중단할 것을 강력히 촉구한다”며 “북한이 우리 영토와 국민을 대상으로 도발할 경우에는, ‘즉·강·끝즉각·강력히·끝까지’ 원칙에 따라 다시는 도발할 엄두를 내지 못하도록 압도적으로 대응할 것”이라고 했다.",https://n.news.naver.com/mnews/article/023/0003809272?sid=100,0
경향신문,유설희 기자 sorry@kyunghyang.com,"대통령실 “워크아웃 추진, 대주주 자구노력 전제돼야”",대통령실은 7일 부동산 프로젝트파이낸싱(PF) 부실로 워크아웃(기업재무구조개선작업)을 신청한 태영건설에 대해 “워크아웃 추진을  …,"금융위 등 원칙적 입장 강조대통령실은 7일 부동산 프로젝트파이낸싱 부실로 워크아웃기업재무구조개선작업을 신청한 태영건설에 대해 “워크아웃 추진을 위해서는 대주주 자구노력이 전제되어야 한다”고 밝혔다.대통령실 관계자는 이날 통화에서 “금융위원회 등 기본적인 정부 입장과 마찬가지로 워크아웃 추진을 위해 대주주 자구노력이 전제되어야 한다는 원칙적인 입장을 가지고 있다”고 말했다.대통령실 고위 관계자도 통화에서 “자구노력을 이행하기로 약속을 했는데 아직 안 하고 있으니까 그것부터 이행해야 되지 않겠느냐는 입장”이라고 설명했다. 그는 최근 태영건설 문제를 논의한 최상목 부총리 겸 기획재정부 장관·이창용 한국은행 총재·김주현 금융위원장·이복현 금융감독원장 등 이른바 ‘4’ 4 회의 참석자들도 같은 의견이라고 전했다.한덕수 국무총리도 이날 태영건설이 내놓은 워크아웃 자구계획에 대해 “경영자가 자기의 뼈를 깎는 고통스러운 일을 해야 한다”고 말했다.한 총리는 에 출연해 “돈을 빌려준 금융기관 입장에서도 ‘그 정도 노력을 했으면 불가피하다’는 이런 국민적 합의가 이뤄질 수 있어야 한다”며 이같이 밝혔다.이어 “워크아웃은 채권단이 원리금 상환을 유예한다든지 하면, 하나의 지원을 하는 형태를 취할 수밖에 없다”며 “그러니까 경영의 책임은 역시 경영자가 져야 한다는 것”이라고 지적했다.",https://n.news.naver.com/mnews/article/032/0003271962?sid=100,1
동아일보,윤다빈 기자 empty@donga.com,野 친명 정봉주 등 ‘2차 자객 출마’ 논란…비명 “수십곳 복수-증오 표적”,더불어민주당 친명(친이재명)계 인사들이 비명(비이재명)계 현역 의원들의 지역구에 잇따라 출마를 선언하면서 ‘자객 출마’ 논란이  …,"더불어민주당 친명친이재명계 인사들이 비명비이재명계 현역 의원들의 지역구에 잇따라 출마를 선언하면서 ‘자객 출마’ 논란이 재점화되고 있다. 앞서 강성 친명계인 현근택 민주연구원 부원장과 진석범 당대표 특보가 ‘원칙과 상식’ 소속 윤영찬 의원경기 성남 중원과 이원욱 의원경기 화성을 지역구에, 친명 비례대표인 양이원영 의원과 김의겸 의원이 비명계 양기대 의원경기 광명을과 신영대 의원전북 군산 지역구에 도전장을 낸 데 이어 ‘2차 공천 내전’이 벌어질 조짐이다.7일 정치권에 따르면 민주당 교육연수원장을 맡고 있는 친명계 정봉주 전 의원은 8일 국회에서 기자회견을 열고 비명계 박용진 의원 지역구서울 강북을 출마를 선언한다. 정 전 의원은 21대 총선 때 금태섭 전 의원을 상대로 서울 강서갑에 ‘자객 출마’했지만 ‘미투 의혹’으로 예비후보 부적격 판정을 받아 출마를 포기했다. 정 전 의원은 이날 통화에서 “박 의원이 그간 걸어온 정치 행보에 동의할 수 없기에 강북을 출마를 결심한 것”이라며 “당원들의 정치 의식을 믿겠다”고 했다.양문석 전 방송통신위원회 상임위원도 이날 경기 안산 감골시민홀에서 ‘당원이 주인이다’의 출판기념회를 열었다. 양 전 위원은 친문친문재인계 전해철 의원 지역구경기 안산 상록갑에 도전 의사를 밝혔다. 양 전 위원은 이 자리에서 “깨어있는 시민들이 방관하지 않고 나서서 조직한 게 ‘팬덤’이고 민주당”이라며 비명계를 겨냥해 날을 세웠다.원외 친명 조직인 ‘더민주전국혁신회의’ 상임운영위원장을 맡고 있는 김우영 강원도당위원장도 전날 서울 은평구에서 출판기념회를 열고 비명계 강병원 의원의 지역구인 서울 은평을 출마를 공식화했다. 그는 이날 페이스북에 “정의의 길이 있다면 도전하고 욕을 먹는 한이 있더라도 이 순간 필요한 일이면 해야 한다”고 출마의 뜻을 밝혔다. 앞서 당 지도부는 김 위원장이 강원도가 아닌 타 지역에 출마하는 것은 부적절하다는 취지로 김 위원장에게 주의 조치를 내린 바 있다. 하지만 김 위원장은 “당원 약 2만 명의 탄원 서명을 받아 당에 전달했다”고 밝히는 등 ‘세 과시’에 나선 상태다.친명계 인사들의 잇따른 ‘자객 출마’에 비명계는 격하게 반발했다. 한 비명계 재선의원은 통화에서 “2020년 총선 경선을 앞두고도 금태섭 전 의원이 강성 지지층의 표적이 되면서 당이 공천 후로도 심각한 후폭풍을 겪지 않았냐”며 “이번 공천에서는 이런 일이 수십 군데에서 벌어지는 상황”이라고 했다. 또 다른 수도권 비명계 의원은 통화에서 “친명 자객 출마자들은 오로지 증오와 복수심을 가지고 배신자를 처단하자는 것 말고는 대체 무슨 출마 명분이 있는 것이냐”고 비판했다. 반면 친명계에서는 정치인들의 지역구 선택의 자유를 보장해야 한다는 반박도 이어졌다.당 지도부는 ‘시스템 공천’과 ‘경선 원칙’을 지키겠다는 입장이다. 당 관계자는 “이 대표 측근이라는 이유로 단수 공천을 받거나 부적격 사유가 있음에도 경선에 부치게 되면 논란은 더욱 커질 것”이라고 했다.",https://n.news.naver.com/mnews/article/020/0003541228?sid=100,0
경향신문,유설희 기자 sorry@kyunghyang.com,대통령 부인 보좌 ‘제2부속실’ 꺼낸 대통령실…민주 “국민 분노 사그라지겠나”,대통령실이 대통령 배우자를 보좌하는 조직인 제2부속실 설치에 속도를 내고 있다. 윤석열 대통령이 김건희 여사의 주가조작 의혹 수 …,"총선 전 마지막 인사도 단행대통령실이 대통령 배우자를 보좌하는 조직인 제2부속실 설치에 속도를 내고 있다. 윤석열 대통령이 김건희 여사의 주가조작 의혹 수사를 위한 특검법에 대해 재의요구권거부권을 행사한 후 악화되는 여론을 달래려 내놓은 카드다.대통령실 핵심 관계자는 7일 “제2부속실과 관련해 이전 정부에서는 어떻게 운영했고, 해외 대통령실 배우자는 어떻게 하고 있는지 등을 검토하고 있다”고 했다. 앞서 대통령실 고위 관계자는 지난 5일 “국민 대다수께서 설치하는 게 좋겠다고 생각하시면 검토하겠다”고 밝혔다.윤 대통령은 대선 후보 시절이던 2021년 12월 언론 인터뷰에서 “집권하면 청와대 제2부속실을 폐지하겠다”고 했다. 김 여사의 허위 경력 의혹이 불거지던 때였다. 김 여사 역시 기자회견을 열고 “아내의 역할에만 충실하겠다”고 약속했다.하지만 김 여사는 약속과 달리 활발한 대외활동에 나섰고 이 과정에서 잡음이 이어지면서 제2부속실이 부활해야 한다는 주장이 여야를 막론하고 끊임없이 제기됐다. 그러나 대통령실은 제2부속실 설치와는 거리를 둬왔다.대통령실이 이제야 제2부속실 설치로 입장을 바꾼 것은 김 여사 특검법의 거부권 행사에 따른 여론 악화를 무마하려는 의도로 풀이된다. 하지만 최혜영 더불어민주당 원내대변인은 “제2부속실 설치로 국민의 분노가 사그라질 것이라 생각하면 오산”이라고 했다.대통령실이 윤 대통령의 대선 공약이었던 특별감찰관제를 조건부로 수용한 것을 두고도 비판이 나온다. 앞선 대통령실 고위 관계자는 지난 5일 “특별감찰관은 여야 합의로 추천해서 보내오면 저희들은 지명할 수밖에 없는 게 저희 입장”이라며 조건을 달았다. 특별감찰관제는 대통령의 배우자와 사촌 이내 친족, 대통령실 수석비서관 이상의 비위 행위를 상시감찰하는 대통령 직속기관이다. 윤 대통령의 대선 공약이었으나 대통령실은 “국회에서 결정되면 100% 수용하겠다”며 임명을 미뤄왔다.한편 대통령실은 총선 출마자 공직 사퇴시한인 오는 11일을 앞두고 총선 전 마지막 인사를 단행할 예정이다. 주진우 법률비서관과 이원모 인사비서관은 8일자로 대통령실에서 사임하고 총선 출마 준비에 나선다. 주 비서관은 부산 수영구와 부산 해운대갑 출마를 검토 중인 것으로 전해졌다. 이 비서관은 수도권 출마가 유력하다.",https://n.news.naver.com/mnews/article/032/0003271959?sid=100,1
경향신문,신주영 기자 jy@kyunghyang.com,이낙연 이번주 고별 회견…다시 빨라진 신당 발걸음,이재명 더불어민주당 대표 피습으로 주춤했던 이낙연 전 민주당 대표(사진)의 신당 창당 발걸음이 다시 빨라지고 있다. 이 전 대표 …,"5·18 참배 후 시기 못 박아“인사드리고 용서 구해야”탈민주 이상민, 여당 입당이재명 더불어민주당 대표 피습으로 주춤했던 이낙연 전 민주당 대표사진의 신당 창당 발걸음이 다시 빨라지고 있다. 이 전 대표는 이번주 중 국회에서 고별 기자회견을 열고 탈당 선언을 할 것으로 전망된다.이 전 대표는 7일 광주 북구 국립5·18민주묘지 참배 후 기자들과 만나 “이번주 후반에는 제가 인사를 드리고 용서를 구해야 하지 않겠나 생각한다”고 밝혔다. 탈당 시기를 못 박은 것이다. 이 전 대표는 국회에서 탈당 회견을 할 예정이다.이 전 대표는 “국민들께 새로운 희망의 선택지를 드리는 일에 뜻을 같이하는 사람이라면 누구든지 협력해야 한다”고 했다. 낙석연대, 즉 이준석 전 국민의힘 대표와 함께할 가능성을 두고는 “그 조어낙석에 대해서는 의도가 있는 것 같아서 제가 받아들이기 싫다”며 “그런 논의를 먼저 꺼낼 단계는 아니다”라고 선을 그었다.이 전 대표 측 한 인사는 통화에서 탈당 회견에 관해 “고별인사 회견”이라면서 “인간적으로 이 전 대표가 자기 심경을 토로하려고 하는 것”이라고 밝혔다. 또 “이 전 대표가 상황이 이렇게 된 데는 ‘나의 책임도 있지 않겠냐, 나 자신에 대한 성찰도 좀 해야겠다’고 하더라”고 했다.신당 창당은 2월 초로 예상된다. ‘원칙과상식’ 의원 4명김종민·윤영찬·이원욱·조응천의 거취 표명이 변수로 작용하고 있다. 이 전 대표 측 인사는 “만들어놓고 합당하는 건 힘드니까 웬만하면 다 같이 당을 만들고 싶은 것”이라고 전했다.원칙과상식도 시동을 걸었다. 원칙과상식은 이 대표 복귀 시점과 무관하게 자신들의 시간표를 따를 것으로 보인다. 이원욱 의원은 지난 6일 자신의 사회관계망서비스에 “대표적 친명 의원들이 공관위원으로 들어가 있다”면서 “거대 양당의 욕망의 정치, 이래도 희망이 있는가”라고 비판했다. ‘제3지대 신당’의 필요성을 제기한 것으로 해석된다.다만 원칙과상식이 이 전 대표 신당에 합류할지는 미지수다. 원칙과상식 소속 한 의원은 통화에서 “이낙연 신당은 선택지 중 하나”라면서도 “너무 낡은 기득권 이미지라고 말씀도 여러 번 드렸다”고 했다.한편 민주당을 탈당한 이상민 무소속 의원은 국민의힘에 입당하는 것으로 이날 확인됐다. 이 의원은 현 지역구인 대전 유성을에서 간판만 국민의힘으로 바꿔 오는 4월 총선에 출마할 것으로 보인다.",https://n.news.naver.com/mnews/article/032/0003271958?sid=100,1
경향신문,조미덥 기자 zorro@kyunghyang.com,"“대통령의 가족 수사 거부, 명백한 이해충돌”","재의요구권, 법적 최후 수단 가족 비리 의혹 차단은 “독재” 2년 만에 8건 남발 ‘역대 최다’ “죄 있으니 특검 거부하는 것” …","윤 대통령 ‘쌍특검법 거부’ 무엇이 문제인가‘특검 거부 규탄’ 현수막 윤석열 대통령이 지난 5일 이른바 ‘쌍특검법’에 재의요구권거부권을 행사했다. 7일 국회 앞에 윤 대통령의 특검 거부권 행사를 규탄하는 더불어민주당의 현수막이 걸려 있다. 권도현 기자재의요구권, 법적 최후 수단가족 비리 의혹 차단은 “독재”2년 만에 8건 남발 ‘역대 최다’“죄 있으니 특검 거부하는 것”본인 과거 발언과도 정면배치윤석열 대통령이 쌍특검법김건희 여사 주가조작 의혹·대장동 50억 클럽 특검법에 재의요구권거부권을 행사했다. 대통령이 자신과 가족을 위해 거부권을 사용한 것은 이해충돌이라는 지적이 나온다. 대통령이 예외적으로 사용해야 할 헌법상 권리를 남용했다는 비판과 압도적인 거부권 반대 여론을 거슬렀다는 비판도 제기된다.윤 대통령의 쌍특검 법안 거부권 행사가 공직자가 직무 수행 과정에서 사적 이익을 추구하지 못하도록 한 이해충돌방지법과 충돌할 수 있다는 지적이 제기된다. 윤 대통령이 김건희 특검법에 대한 거부권 행사로 배우자 비리 의혹 수사를 막았고, 50억 클럽 특검법을 거부하며 검사 시절 본인의 부산저축은행 수사에 대한 문제 제기로 연결될 가능성을 사전에 차단했기 때문이다.헌법학자인 한상희 건국대 법학전문대학원 교수는 7일 “거부권이 대통령의 재량이더라도 김 여사 특검에 대한 재의요구는 이익 충돌에 해당돼 재량의 여지가 극도로 축소된다고 봐야 한다”며 “윤 대통령의 거부권 행사는 반헌법적인 거부권 독재”라고 비판했다.홍익표 더불어민주당 원내대표는 지난 5일 거부권 행사 규탄대회에서 “역대 어느 대통령도 본인과 가족을 위한 특검이나 검찰 수사를 거부한 사람은 없었다”고 비판했다. 국민의힘 소속의 유승민 전 의원도 같은 날 사회관계망서비스에 “권력자와 그의 가족도 법 앞에 평등한 나라가 진정한 민주공화국”이라고 지적했다.윤 대통령의 거부권 남발도 지적된다. 윤 대통령은 취임 후 국회를 통과한 8건의 법안에 거부권을 행사했다. 2000년대 들어 노무현 전 대통령이 6건으로 가장 많았는데, 임기 2년도 안 돼 이를 넘어섰다. 이명박1회·박근혜2회·문재인0회 전 대통령은 거부권을 거의 행사하지 않았다. 특히 윤 대통령은 본인과 가족 관련 비리 수사에 거부권을 행사한 첫 대통령이 됐다. 역대 대통령이 본인 관련 비리 수사에 거부권을 행사하지 않았던 것과 대비된다. 이명박 전 대통령은 ‘내곡동 사저 의혹’ 특검, 박근혜 전 대통령은 ‘최순실 국정농단’ 특검을 수용했다.거부권 행사는 윤 대통령 본인의 과거 발언·행적과도 배치된다. 윤 대통령은 대선 후보 시절 이재명 당시 민주당 후보가 연루된 대장동 특검에 대해 “특검을 왜 거부하는가. 죄를 지었으니까 거부하는 것”이라고 말했다. 윤 대통령은 박근혜 정부 때 국가정보원 선거개입 사건과 검찰총장 시절 조국 전 법무부 장관 수사 등 살아 있는 권력에 대한 성역 없는 수사를 정치적 자산으로 내세웠다. 하지만 자신이 권력자가 된 후엔 특검 수사를 거부하면서 본인의 정치적 기반을 스스로 무너뜨리게 됐다.윤 대통령의 이번 거부권 행사는 국민의 뜻에도 반한다. 다수의 새해 여론조사에서 60~70% 국민들은 윤 대통령의 특검 거부권 행사에 반대했다. 경향신문이 엠브레인퍼블릭에 의뢰해 지난해 12월29~30일 성인 1001명에게 물은 결과100% 무선 전화면접, 응답률 15.2%에서도 ‘부적절하다’는 응답이 62%로 ‘적절하다’는 응답23%보다 크게 높았다.보수 진영에선 총선을 앞두고 김건희 리스크가 커졌다는 우려가 나온다. 김 여사가 해외 순방 때 지인 채용 및 명품 가게 방문 등으로 구설에 오른 데 이어 최근 명품 가방을 받는 영상도 공개됐고, 주가조작 의혹에 대한 윤 대통령의 거부권 행사까지 벌어지면서 윤석열 정부에서 김 여사는 치외법권이라는 대중의 인식을 키웠다는 것이다. 한 국민의힘 의원은 “야당은 김 여사 문제가 우리 아킬레스건임을 알고 총선에 맞춰 특검을 준비했는데, 우리는 알고도 대비하지 못했다”고 말했다.",https://n.news.naver.com/mnews/article/032/0003271957?sid=100,1
한겨레,"고한솔 기자 sol@hani.co.kr, 김영동 기자 ydkim@hani.co.kr",‘이재명 습격범’ 당적 감추는 경찰…민주 “그럴 거면 조사 왜 했나”,부산경찰청 수사본부가 이재명 더불어민주당 대표 피습사건 피의자 김아무개(67)씨의 당적을 공개하지 않기로 잠정 결론을 내린 것으 …,"더불어민주당 박성준 대변인이 7일 국회에서 대통령실 제2부속실 설치 추진 관련 논평을 하고 있다. 연합뉴스부산경찰청 수사본부가 이재명 더불어민주당 대표 피습사건 피의자 김아무개67씨의 당적을 공개하지 않기로 잠정 결론을 내린 것으로 7일 알려졌다. 민주당은 “경찰은 국민 앞에 단 한점의 의혹도 남기지 않아야 한다”고 비판했다.지난 2일 김씨의 신병을 확보해 수사를 벌이고 있는 경찰은 오는 11일 검찰 송치 전까지 신상 공개 여부를 결정할 예정이다. 한 수사당국 관계자는 “신상 공개가 결정되더라도, 그 대상에 당적은 없는 것으로 알고 있다”고 말했다. 김씨는 국민의힘에 입당했다 탈당한 뒤 지난해 3월 이후 민주당에 입당한 사실이 언론 보도 등으로 알려진 바 있다.이에 박성준 민주당 대변인은 브리핑에서 “당적은 범행의 정치적 동기를 밝히는 중요한 단서다. 그래서 민주당은 법원의 영장에 따라 경찰의 당적 확인 절차에 적극 협조했다”며 “경찰의 소극적 행태가 또 다른 논란과 혼란을 부를 수 있음을 유념하고, 그 어떤 의혹도 남지 않도록 철저하게 수사하기 바란다”고 지적했다.민주당 지도부의 한 관계자는 한겨레에 “범행 동기를 밝히는 데 필요하다는 전제로 국민의힘과 우리 당 협조를 받아 당적을 조회한 건데, 이걸 공개하지도 않을 거면 조사는 왜 했냐”며 “의혹을 낱낱이 밝히는 데 있어 당적 공개는 당연한 것”이라고 말했다.한편, 엿새째 입원 중인 이재명 민주당 대표는 당분간 가족 외 접견을 자제하며 회복 치료에 전념할 것으로 전해졌다.",https://n.news.naver.com/mnews/article/028/0002671795?sid=100,1
한겨레,고한솔 기자 sol@hani.co.kr,이낙연 “인사드리고 용서 구해야”…이번주 민주당 탈당 시사,이낙연 전 국무총리가 이번주 더불어민주당 탈당을 예고했다. 이재명 민주당 대표 피습 사건 직후 ‘숨 고르기’에 들어갔던 신당 창 …,"더불어민주당 이낙연 전 대표가 7일 오전 광주 북구 국립 5·18 민주묘지에서 무릎을 꿇고 참배하고 있다. 연합뉴스이낙연 전 국무총리가 이번주 더불어민주당 탈당을 예고했다. 이재명 민주당 대표 피습 사건 직후 ‘숨 고르기’에 들어갔던 신당 창당 작업에 다시 속도를 내는 모습이다.이 전 총리는 7일 광주 국립5·18민주묘지를 참배한 뒤 취재진에게 “저희 동지들과 약간 상의할 문제가 있지만, 제 짐작으로는 이번주 후반에는 제가 인사를 드리고 용서를 구해야 하지 않겠나 생각한다”고 말했다. 이 전 총리는 이번주 ‘고별 기자회견’을 열고 민주당 탈당을 선언할 것으로 보인다.이 전 총리는 이준석 전 국민의힘 대표나 금태섭 새로운선택 공동대표와 합당할 계획이 있는지에 대해서는 “나라를 망가뜨리고 있는 양당 독점의 정치 구도를 깨고 국민께 새로운 희망의 선택지를 드리는 일에 뜻을 같이하는 사람이라면 누구든지 협력해야 한다고 생각한다”고 말했다. 또 그는 “지난 6일 김대중 대통령 탄생 100주년 기념식에서 문재인 전 대통령은 ‘정치가 다시 희망을 만들어내지 않으면 안 된다’고 말씀했다. 그 말씀은 지금의 정치가 희망을 만들어내지 못하고 있다는 뜻이라고 저는 받아들인다”고 말해, 신당 필요성을 에둘러 강조했다. 이 전 총리 쪽 관계자는 “계획표대로 갈 것”이라고 했다.이 전 총리와 이준석 전 대표, 금 공동대표는 오는 9일 양향자 한국의희망 대표의 출판기념회에서 만날 예정이어서, 제3지대 연대 논의도 속도가 붙을 것으로 보인다.고한솔 기자",https://n.news.naver.com/mnews/article/028/0002671794?sid=100,1
중앙일보,조문규 기자 chomg@joongang.co.kr,"국힘 장제원 이어 김웅도 ""길 열어줄 것"" 총선 불출마 시사",김웅 국민의힘 의원(서울 송파갑)이 8일 기자회견을 열고 총선 불출마를 선언할 것으로 알려졌다. 연합뉴스 등에 따르면 김 의원은 …,지난해 10월 17일 경기도 수원시 영통구 경기도청에서 열린 국회 행정안전위원회의 경기도에 대한 국정감사에서 국민의힘 김웅 의원이 질의하고 있다. 연합뉴스김웅 국민의힘 의원서울 송파갑이 8일 기자회견을 열고 총선 불출마를 선언할 것으로 알려졌다.연합뉴스 등에 따르면 김 의원은 7일 주요 당직자에게 불출마 의사를 전달한 것으로 전해졌다. 김 의원이 불출마를 선언하면 지난해 12월 장제원 의원부산 사상에 이어 국민의힘에서는 두 번째 불출마 선언이다.김 의원은 '당이 하루빨리 당선 가능성이 높은 예비 후보자를 지역에 공천할 수 있도록 길을 열어주고 싶다'는 뜻을 전한 것으로 알려졌다. 아울러 당 관계자는 “탈당을 염두에 두고 있지는 않은 것으로 안다”고 전했다.김 의원은 2020년 유승민 전 의원이 새로운보수당 시절 직접 영입한 총선 1호 인재다. 새보수당과 자유한국당 등이 미래통합당으로 합쳐지면서 송파갑 단수 공천을 받아 22대 국회에 입성했다.그는 검사 시절 문재인 정부에서 검·경 수사권 조정안을 강하게 반대하다 좌천됐다. 문재인 정부 검찰 개혁에 비판적인 시각을 담은 베스트셀러 『검사 내전』의 작가로 잘 알려져 있다.,https://n.news.naver.com/mnews/article/025/0003333510?sid=100,0
오마이뉴스,박정훈(cnn0428@daum.net),"국힘 용인병 위원장 ""나라와 수지의 발전 위해 새로운 삶 꿈꿀 것""",6일 북콘서트... 이상일 용인시장 등 각계 인사 참석 ▲ 고석 국민의힘 용인시 병 당협위원장이 새해를 맞아 6일 북콘서트를 개 …,"6일 북콘서트... 이상일 용인시장 등 각계 인사 참석▲고석 국민의힘 용인시 병 당협위원장이 새해를 맞아 6일 북콘서트를 개최했다.ⓒ 고석 캠프[기사수정 : 8일 오전 11시 14분]앞으로 나라와 수지의 발전을 위해 희생, 봉사와 헌신의 새로운 삶을 꿈꾸고자 한다.고석 국민의힘 용인시 병 당협위원장이 자서전 '고석의 사명' 북콘서트를 통해 이같이 밝혔다.6일 수지농협 동천지점 4층 대회의실에서 열린 북콘서트는 용인과 수지지역 시민들이 참석한 가운데 팬 사인회, 내빈 축사, 저자 소개와 토크 콘서트 순으로 진행됐다.저자는 그의 에세이 '고석의 사명'에서 여름이면 저수지에서 헤엄 연습을 하고 겨울이면 토끼잡이 하며 놀기 좋아하던 철부지 유년 시절의 모습을 담았다. 또 밭에 나가 풀을 뽑고 농사일을 돕는 성실한 학생으로 변모하며 학교에서 '오늘의 실력왕'으로 꼽히는 등의 소년 시절, 그리고 호국간성의 꿈을 안고 입학한 육사와 서울대 법대에서의 수학 과정, 사법시험 합격과 사법연수원 생활, 이후 군 법무관으로 임명된 후 수행했던 병역비리 수사,  방산 진흥을 위한 노력과 애환 등 공직에서의 체험이 담긴 그의 이야기를 전했다.2002년 대선병풍사건과 관련해 대법원 판결로 승리한 과정도 담담하게 담아냈다.저자는 그동안 군과 법조계, 그리고 지역 주민들과 함께 생활하면서 나라와 사회로부터 받은 은덕을 이제 되돌려주어야 할 때라며 오늘에 이르기까지 뜻을 펼칠 수 있도록 도와주신 모든 분에게 감사의 인사를 전한다고 말했다.북콘서트에는 김호일 대한노인회장, 탤런트 이정길, 최광 전 보건복지부 장관, 박주선 전 국회부의장, 이주영 전 국회부의장, 안대희 전 대법관, 강신섭 법무법인 세종 대표변호사, 주광덕 남양주시장, 이상일 용인시장, 이종섭 전 국방부장관이 참석했다. 정우택 국회부의장, 오세훈 서울특별시장, 나경원 전 의원, 한민구 전 국방부 장관, 천경준 전 삼성전자 부사장이 영상 또는 축전을 통해 축하했다.",https://n.news.naver.com/mnews/article/047/0002418102?sid=100,1
한겨레,"서영지 기자 yj@hani.co.kr, 고한솔 기자 sol@hani.co.kr",김건희 특검법에 엉뚱한 ‘제2부속실’ 카드…“진작 했어야 할 일”,윤석열 대통령의 재의요구권(거부권) 행사로 ‘김건희 여사 특검법’ 등이 국회로 돌아오면서 여야가 다시 대치 국면에 들어갔다. 국 …,"여야 ‘김건희 특검’ 재표결 두고 대치대통령실 ‘제2부속실 부활’ 의사에야 “양두구육…보좌는 알아서” 비판네덜란드 국빈 방문 일정을 마치고 돌아온 윤석열 대통령과 김건희 여사가 지난해 12월15일 성남 서울공항 2층 실내행사장으로 귀국하고 있다. 연합뉴스윤석열 대통령의 재의요구권거부권 행사로 ‘김건희 여사 특검법’ 등이 국회로 돌아오면서 여야가 다시 대치 국면에 들어갔다. 국민의힘은 9일 본회의에서 재표결해 법안을 폐기해야 한다고 주장하는 반면, 더불어민주당은 권한쟁의심판 청구를 검토하며 ‘지연 전략’을 구사한다는 방침이다. 여야는 대통령실이 수용 뜻을 밝힌 특별감찰관과 대통령실 제2부속실 설치를 두고도 팽팽히 맞섰다.국민의힘 원내 핵심 관계자는 7일 한겨레와 한 통화에서 “9일 본회의에서 ‘쌍특검법’김건희 특검법, 대장동 50억 클럽 특검법 재표결이 이뤄져야 한다. 민주당이 이 이슈를 올해 4월 총선까지 가져가려고 하는데, 빨리 재표결을 해서 총선에 미칠 영향을 차단해야 한다”고 말했다.반면 민주당 원내지도부 관계자는 “민주당은 9일 본회의 때 쌍특검법을 처리할 의사가 없다. 김진표 국회의장이 직권상정하지 않는 한 재표결은 쉽지 않을 것”이라고 말했다. 김 의장이 9일 본회의에 여야 합의 없이 쌍특검법 재의결안을 직권상정할 가능성은 높지 않은 것으로 알려졌다.헌법에 따라 국회는 대통령이 거부권을 행사한 법안을 본회의에서 다시 표결해야 한다. 재의결 땐 통상적인 본회의재적 과반 출석, 출석 과반 찬성 때보다 가결 기준이 엄격해, 재적 의원298명 과반 출석에 출석 의원 3분의 2 찬성이 필요하다. 전원 출석을 전제하면 199명의 찬성표가 필요한데, 지난해 12월28일 특검법 통과에 찬성한 야당 의원180명을 제외하면 19표가 더 필요하다.여야는 모두, 재표결까지 시간을 끌수록 총선 공천에서 탈락한 국민의힘 의원들을 중심으로 이탈표가 많이 생길 것으로 내다보고 있다. 이 때문에 국민의힘은 ‘표 단속’을 할 수 있도록 최대한 빨리 처리해 특검법을 폐기하려고 시도하는 반면, 민주당은 최대한 늦게 처리해 특검을 성사시키고 싶어 한다.이와 함께 민주당은 8일 홍익표 원내대표 주재로 비공개 간담회를 열어, 윤 대통령의 거부권 행사에 권한쟁의심판을 청구하는 방안을 두고 법률 전문가 등의 의견을 듣기로 했다. 가족이 연루된 법안에 대통령이 거부권을 행사하는 것은 이해충돌 소지가 있다는 게 민주당의 주장이다.여야는 대통령실이 쌍특검법에 거부권을 행사하면서 설치 뜻을 시사한 특별감찰관과 제2부속실을 두고도 공방을 벌이고 있다. 특별감찰관은 가족·친인척 등 대통령과 특수관계인 사람의 비위를 감찰하는데, 국회가 후보자 3명을 대통령에게 추천하면 대통령이 1명을 지명한다. 이 자리는 박근혜 정부 때인 2016년 이후 8년째 공석이다.윤석열 정부 들어 야당은 계속 특별감찰관 설치를 요구했으나, 여당은 ‘북한인권재단 이사도 동시에 추천해야 한다’고 맞서 왔다. 윤재옥 국민의힘 원내대표는 한겨레와 한 통화에서 “우리 당은 일관되게 북한인권재단 이사와 함께 추천해야 한다는 입장”이라고 말했다. 이에 박성준 민주당 대변인은 “논의의 초점을 흐리려고 북한인권재단 이사 추천까지 끌고 들어오는 것 아닌가. 굳이 대응할 필요가 없다”고 반박했다. 여당은 대통령실의 부정적인 기류를 반영한 것으로, 야당은 여당의 프레임에 걸려들지 않겠다는 의도로 보인다. 여당과 대통령실의 태도에 정병기 영남대 교수정치외교학과는 “특별감찰관 임명을 하겠다고 하면서 조건을 붙이면 안 할 생각이 더 많다는 것 아니냐”고 지적했다.야당은 대통령실이 들고나온 제2부속실 설치도 ‘정치적 물타기’라고 비판했다. 박성준 민주당 대변인은 “제2부속실 설치와 김건희 특검은 완전히 별개의 문제”라며 “‘김건희 특검’을 요구하는 국민의 시선을 돌리려는 시도 같은데, 양두구육도 정도가 있다. 대통령 부인을 제대로 보좌하는 문제는 대통령실이 알아서 하고, 국민의 요구에 제대로 답하라”고 논평했다. 김준우 정의당 비상대책위원장은 “제2부속실 설치나 특별감찰관 임명은 대통령실이 당연히 해야 할 일로, 거부권과 관련해 정치적 협상의 대상이 아니다”라고 비판했다.이관후 건국대 상허교양대학 교수정치학는 “정부 초기부터 요구해온 걸 수용하지 않다가 이제야 설치하는 이유나 배경을 대통령실이 밝혀야 한다. 그동안 제2부속실 없이 무슨 일이 있었는지, 왜 이제서야 필요하다고 보는지 명명백백히 설명해야 할 것”이라고 지적했다.",https://n.news.naver.com/mnews/article/028/0002671790?sid=100,1
한겨레,김미나 기자 mina@hani.co.kr,‘제2부속실’ 이르면 이달 중 윤곽 드러낼 듯,윤석열 대통령의 ‘김건희 여사 특검법’ 재의요구권(거부권) 행사를 기점으로 설치가 기정사실이 된 대통령실 제2부속실이 이르면 이 …,"네덜란드 국빈 방문 일정을 마치고 귀국한 윤석열 대통령과 김건희 여사가 지난달 15일 경기 성남시 서울공항 2층 실내행사장에 입장하고 있다. 대통령실사진기자단윤석열 대통령의 ‘김건희 여사 특검법’ 재의요구권거부권 행사를 기점으로 설치가 기정사실이 된 대통령실 제2부속실이 이르면 이달 중 윤곽을 드러낼 것으로 보인다.대통령실 관계자는 7일 “제2부속실 설치를 위한 검토 작업에 들어갔다”며 “실장 인선과 구성, 인원 등이 정리되면 발표할 수 있을 것”이라고 말했다. 대통령실은 대통령 배우자의 일정, 의전, 의상 등 활동 전반을 전담 관리하는 제2부속실을 운영한 과거 정부 사례와 다른 나라 경향 등을 살펴보는 단계로, 조만간 제2부속실장 후보군 물색 등 후속 조처에도 돌입할 것으로 전해졌다.윤 대통령은 제2부속실 부활을 공약 파기 문제로 보고 부정적 의견을 내비쳤으나, 최근 선회했다고 한다. 윤 대통령은 앞서 대선 과정이던 2021년 12월 한 언론과의 인터뷰에서 “대통령 부인에 대해 법 바깥의 지위를 관행화시키는 것은 맞지 않는다”며 제2부속실 폐지를 밝힌 바 있다.김 여사는 명품 가방 수수 의혹과 특검법 정국이 시작된 뒤, 이날까지 23일째 공개 일정을 잡지 않았다. 봉사활동, 인사회 등으로 단독 행보가 잦았던 1년 전과 대조적이다. 여권 일각에서는 제2부속실 설치 또는 설 연휴를 계기로 김 여사 행보를 재개해야 한다는 주장과, 4월 총선 전까지 노출을 자제해야 한다는 의견이 교차한다.한편, 대통령실은 총선 출마를 위한 공직자 사퇴 시한이 오는 11일로 임박하면서 이번주 중 총선 전 마지막 비서관급 교체 인사를 단행할 예정이다. 부산 수영 출마가 유력한 주진우 법률비서관과 서울 출마가 유력한 이원모 인사비서관 후임으로 각각 이영상 국제법무비서관과 최지현 부대변인이 인수인계를 받고 있다.김미나 기자",https://n.news.naver.com/mnews/article/028/0002671789?sid=100,1
중앙일보,이유정 기자 uuu@joongang.co.kr,"北, 사흘째 서해 포사격…김여정은 “포탄 아닌 폭약” 기만전술",북한이 7일까지 사흘째 서해 북방한계선(NLL) 인근에서 포 사격을 이어갔다. 이를 두고 김정은 북한 국무위원장이 최근 남북 관 …,"북한이 7일까지 사흘째 서해 북방한계선 인근에서 포 사격을 이어갔다. 이를 두고 김정은 북한 국무위원장이 최근 남북 관계를 ‘적대적 관계이자 전쟁 중인 두 교전국’으로 규정하고, “언제든지 무력충돌을 기정사실화 하라”고 지시한 것의 후속조치라는 해석이 나온다. ‘말폭탄’을 행동으로 뒷받침하려 한다는 것이다.합동참모본부는 이날 북한군이 오후 4시부터 5시 10분까지 연평도 북방에서 90여 발 이상의 포병 사격을 했다고 밝혔다. 합참 관계자는 “북한의 계속되는 적대행위 중지구역 내 포병 사격은 한반도 평화를 위협하고 긴장을 고조시키는 행위”라면서 “북한에 엄중 경고하며 즉각 중단할 것을 강력히 촉구한다”고 설명했다. 이 관계자는 “북한군 포탄이  이남에 낙하한 것은 없고, 우리 군·민간인 피해는 없다”며 “우리 군의 대응 사격도 계획하고 있지 않다”고 밝혔다.이와 관련 조선중앙통신은 이날 저녁 북한 조선인민군 총참모부가 “7일 강령군 등암리로부터 연안군까지 배치된 해안포 23문을 동원해 88발의 포탄으로 해상 실탄 사격 훈련을 진행했다”고 밝혔다고 보도했다. 총참모부는 “해상 군사분계선과 평행선상의 동쪽 방향”이라고 포 사격 방향을 설명하면서 “방향상으로 군사 분계선과 무관하며 적대국에 그 어떤 의도적인 위협도 조성하지 않았다”고 주장했다.북한의 노동당 중앙위원회 제8기 제9차 전원회의가 지난 26일부터 30일까지 당 중앙위원회 본부에서 진행된 가운데 김정은 당총비서가 발언하고 있다.뉴스1이는 앞서 총참모부가 5일 200발의 해안포 사격 이후 “백령도와 연평도에 간접적인 영향도 주지 않았다”고 발표한 것과 유사한 맥락이다. 포를 쏘고 나서 “위협적인 행동이 아니었다”며 강조하는 것으로 도발 수위를 조절하면서도 자신들의 행동에 대한 정당성을 주장하기 위한 것이란 지적이 나온다.이에 앞서 김여정 노동당 부부장은 조선중앙통신에 공개된 담화를 통해 “전날6일 우리 군대는 130 해안포 포성을 모의모방한 발파용 폭약을 60회 터뜨렸으며, 단 한 발의 포탄도 쏘지 않았다”고 주장했다. 김여정은 “대한민국 군부 깡패들의 실지 탐지 능력을 떠보고 개망신을 주기 위한 기만 작전을 했는데 그들이 우리가 던진 미끼를 덥썩 물었다”라고도 했다. 실제로는 이날도 포를 쏘면서 “전날 쏜 것은 사실이 아니다”고 한 셈인데, 군의 혼란과 남·남 분열을 부추기기 위한 일종의 기만 전술인 걸로 풀이된다.김여정의 이런 주장에 대해 합참은 “수준 낮은 대남 심리전”이라며 일축했다. 합참 관계자는 “코미디 같은 저급한 선동으로 대對군 신뢰를 훼손하고 남남 갈등을 일으키려는 북한의 상투적인 수법”이라고 비판했다. 합참은 “군 정보 당국은 북한의 활동을 면밀하게 감시하고 있다”면서 군이 단순히 포성 청취에 의존하지 않고 정보 자산을 활용한 감시를 하고 있다는 점도 암시했다. 군에 따르면 북한군의 포 사격 여부는 포성 청취와 육안 확인 뿐 아니라 대포병 탐지 레이더 등을 포함해 종합적으로 판단한다.김여정은 담화에서 최근 신원식 국방부 장관이 강조하고 있는 ‘즉ㆍ강ㆍ끝’도발 시 즉시, 강력하게, 끝까지 응징 원칙에 관해 “즉ㆍ강ㆍ끝이 즉사, 강제죽음, 끝장이 될 수도 있다는 것을 명심해야 할 것”이라고 맞받아쳤다.북한이 5일 서해 북방한계선 인근 해안포 사격을 실시하면서 백령도에서 우리 군 9 자주포가 해상사격 훈련을 하고 있다. 연합뉴스앞서 북한은 5일 오전 황해남도 장산곶·등산곶에서  북방 해안포 약 200발을 발사했고, 6일에도 방사포·야포 등 60발의 포병 사격을 감행했다. 200발→60발→90발7일로 우리 군의 대응 수위를 떠보려는 것이란 분석이 나온다. 합참은 5일에는 북한의 사격이 있은지 약 4시간 뒤에 “서북도서 해상 사격 훈련”이라며 400발을 북측 방향으로 쏘는 것으로 맞대응 했다. 6일과 7일에는 구두 경고에 그쳤다.무엇보다 북한이 포 사격을 한 수역은 9.19 군사합의에서 남북이 적대행위 금지구역으로 지정한 완충 구역이다. 특히 이번 북한의 해상 포 사격으로 남북 간 ‘해상 적대행위 금지구역’이 무력화된 것이라는 지적도 나온다. 9.19 군사합의상 육·해·공 적대행위 금지와 관련해 앞서 작년 11월에는 북한의 군사 정찰 위성 발사를 계기로 한국은 이에 대한 효력 정지를 선언했고, 비행금지구역 내 적대행위 금지 합의는 유명무실화 됐다. 공중, 해상 적대행위 금지구역이 차례로 무력화 된 만큼 남은 건 ‘지상 적대행위 금지구역’ 뿐이다.이에 따라 북한의 육로 도발이 조만간 있을 수 있다는 관측이 제기된다. 합의문에 따르면 군사분계선으로부터 5㎞ 안에서 포병 사격 훈련과 연대급 이상 야외기동훈련을 전면 중지하기로 했다. 군 관계자는 “이번 포 사격을 계기로 군은 북한이 9.19 군사합의를 무력화한 것으로 평가하고 있다”고 말했다.북한의 연이은 포 사격과 관련해 전문가들은 “북한 대내용은 물론 총선 전까지 남한 내 불안감을 조성하기 위한 목적”이라고 분석했다. 남성욱 고려대 북한학과 교수는 “남북 관계는 ‘적대적 교전국’ 등 김정은이 뱉어놓은 말이 있기에 행동을 보여야 하는 상황”이라면서 “처음부터 고강도 도발로 카드를 다 써버리면 충격을 줄 수 없기에 북한은 9.19 군사합의 파기에 맞는 저강도 도발부터 살라미로 도발 수위를 높여갈 것”이라고 했다.양욱 아산정책연구원 연구위원은 “김여정의 담화는 우리 군의 탐지 능력이 얼마나 되는지를 알아보기 위해 일부러 낸 것일 수 있다”면서 “5일 200발, 6일 60발 등 차이를 둬서 한국군의 대응 수위를 떠보려는 것”이라고 분석했다. 홍민 통일연구원 선임연구위원도 “남북 간 재래식 전력이 차이 나는 것을 북한도 알고 있기 때문에  북방으로 선을 넘지 않으며 수위를 조절하고 있다”고 지적했다. 이런 식의 ‘간보기 도발’이 오는 4월 총선까지 이어질 것이란 분석이다.",https://n.news.naver.com/mnews/article/025/0003333507?sid=100,0
